-- MySQL dump 10.13  Distrib 8.0.30, for Linux (x86_64)
--
-- Host: localhost    Database: snapstorydb
-- ------------------------------------------------------
-- Server version	8.0.30

/*!40101 SET @OLD_CHARACTER_SET_CLIENT=@@CHARACTER_SET_CLIENT */;
/*!40101 SET @OLD_CHARACTER_SET_RESULTS=@@CHARACTER_SET_RESULTS */;
/*!40101 SET @OLD_COLLATION_CONNECTION=@@COLLATION_CONNECTION */;
/*!50503 SET NAMES utf8mb4 */;
/*!40103 SET @OLD_TIME_ZONE=@@TIME_ZONE */;
/*!40103 SET TIME_ZONE='+00:00' */;
/*!40014 SET @OLD_UNIQUE_CHECKS=@@UNIQUE_CHECKS, UNIQUE_CHECKS=0 */;
/*!40014 SET @OLD_FOREIGN_KEY_CHECKS=@@FOREIGN_KEY_CHECKS, FOREIGN_KEY_CHECKS=0 */;
/*!40101 SET @OLD_SQL_MODE=@@SQL_MODE, SQL_MODE='NO_AUTO_VALUE_ON_ZERO' */;
/*!40111 SET @OLD_SQL_NOTES=@@SQL_NOTES, SQL_NOTES=0 */;

--
-- Table structure for table `ai_tale`
--

DROP TABLE IF EXISTS `ai_tale`;
/*!40101 SET @saved_cs_client     = @@character_set_client */;
/*!50503 SET character_set_client = utf8mb4 */;
CREATE TABLE `ai_tale` (
  `ai_tale_id` int NOT NULL AUTO_INCREMENT,
  `create_time` datetime(6) DEFAULT NULL,
  `update_time` datetime(6) DEFAULT NULL,
  `content_eng` text,
  `content_kor` text,
  `image` varchar(255) DEFAULT NULL,
  `word_list_id` int DEFAULT NULL,
  PRIMARY KEY (`ai_tale_id`),
  KEY `FK1nw5pmq7t9fmjebkysq0yr4io` (`word_list_id`),
  CONSTRAINT `FK1nw5pmq7t9fmjebkysq0yr4io` FOREIGN KEY (`word_list_id`) REFERENCES `word_list` (`word_list_id`) ON DELETE CASCADE
) ENGINE=InnoDB AUTO_INCREMENT=133 DEFAULT CHARSET=utf8mb4 COLLATE=utf8mb4_0900_ai_ci;
/*!40101 SET character_set_client = @saved_cs_client */;

--
-- Dumping data for table `ai_tale`
--

LOCK TABLES `ai_tale` WRITE;
/*!40000 ALTER TABLE `ai_tale` DISABLE KEYS */;
INSERT INTO `ai_tale` VALUES (37,'2023-03-29 11:36:36.237280','2023-03-29 11:37:30.666580','\"\n\nOnce upon a time, there was a little penguin who lived in the South Pole. He loved to swim and play in the icy cold water. Every day he would go out and explore the icy landscape. One day, he found a group of other penguins and they all became friends. They would play together and have lots of fun. One day, they decided to go on an adventure and explore the world. They had a wonderful time and made lots of memories. ','\n\n어느 날, 남극에 살고 있는 작은 펭귄이 있었습니다. 그는 차가운 물에서 수영하고 놀기를 좋아했습니다. 매일 그는 바다를 떠나 얼음 메스가 된 풍경을 탐험하고 있었습니다. 그는 하루 어느 때라도 다른 펭귄들을 발견했고, 그들은 친구가 되었습니다. 그들은 함께 놀고 즐거움을 나누고 있었습니다. 하루, 그들은 모험을 떠나 세상을 탐험하기로 결정했습니다. 그들은 멋진 시간을 보냈고 많은 추억을 만들었습니다.','https://s3.ap-northeast-2.amazonaws.com/snapstory401/images/7927222c-9de8-4b55-a81f-ecd6e6e711ab.png',78),(41,'2023-03-29 14:43:39.816101','2023-03-29 14:44:10.152883','\"\n\nOnce upon a time, there was a cup that was made of glass. It was very fragile and could easily break. One day, the cup was filled with water and placed on a table. Suddenly, the cup fell off the table and shattered into pieces. Everyone was sad to see the cup broken. But then, a magical fairy appeared and used her wand to put the cup back together. Everyone was amazed and cheered for the cup. ','\n\n\"어느 날, 유리로 만들어진 컵이 있었습니다. 그것은 매우 취약하고 쉽게 깨질 수 있었습니다. 하루, 컵에 물을 따라 바닥에 놓여졌습니다. 갑자기, 컵이 바닥에서 떨어져 부서졌습니다. 모두가 컵이 깨진 것을 보고 슬퍼합니다. 그러나 그때, 마법의 요정이 나타났고 그녀의 지팡이로 컵을 다시 조립하는 모습을 보여주었습니다. 모두가 놀라고 컵을 응원했습니다.','https://s3.ap-northeast-2.amazonaws.com/snapstory401/images/43238c61-dd0f-438f-ad71-27864aad34a3.png',82),(47,'2023-03-30 09:29:26.929131','2023-03-30 09:31:09.012799','\"\n\nOnce upon a time, there was a little banana tree in a tropical forest. Every day, the sun shone brightly and the banana tree grew bigger and bigger. One day, the banana tree had grown so tall that it had a bunch of ripe yellow bananas. The bananas were so sweet and delicious that all the animals in the forest wanted to eat them. The little banana tree was so happy to share its delicious fruit with all the animals. The animals thanked the banana tree for its generosity and enjoyed the sweet bananas. ','\n\n\"언제나 그랬듯, 기후가 열대적인 숲 속에는 작은 바나나 나무가 있었습니다. 매일 태양이 밝게 비치며 바나나 나무는 더 크고 크게 자라고 있었습니다. 하루, 바나나 나무가 이렇게 크게 자랐기 때문에 맛있는 노란 바나나가 뭉쳐있었습니다. 바나나는 너무 달콤하고 맛있어서 숲 속 모든 동물들이 먹고 싶었습니다. 작은 바나나 나무는 모든 동물들에게 맛있는 과일을 공유할 수 있어서 너무 기쁩니다. 동물들은 바나나 나무의 배려에 감사하며 달콤한 바나나를 즐겼습니다.\"','https://s3.ap-northeast-2.amazonaws.com/snapstory401/images/52975031-5088-47cb-ad1d-d2071618011b.png',71),(62,'2023-04-03 10:15:27.197106','2023-04-03 10:15:53.357185','\"\n\nOnce upon a time, there was a cup that was made of glass. It was very fragile and could easily break. One day, the cup was filled with water and placed on a table. Suddenly, the cup fell off the table and shattered into pieces. Everyone was sad to see the cup broken. But then, a magical fairy appeared and used her wand to put the cup back together. Everyone was amazed and cheered for the cup. ','\n\n\"언제나 그랬듯이, 글라스로 만들어진 컵이 있었습니다. 그것은 매우 취약하고 쉽게 깨질 수 있었습니다. 하루, 컵에 물이 담겨 테이블 위에 놓여졌습니다. 갑자기, 컵이 테이블에서 떨어져 부서졌습니다. 모두가 컵이 깨진 것을 보고 슬퍼하였습니다. 그러나 그때, 마법의 요정이 나타났고 그녀의 마법봉으로 컵을 다시 조립하였습니다. 모두가 놀라고 컵을 응원하였습니다.','https://s3.ap-northeast-2.amazonaws.com/snapstory401/images/cc336f63-e0ff-408a-ab2f-5ed3b923a2cb.png',103),(89,'2023-04-03 20:35:26.588492','2023-04-03 20:35:39.999671','\"\n\nOnce upon a time there was a magical tree that grew apples. Every apple was unique and special in its own way. One day, a brave little girl decided to pick one of the apples and take a bite. To her surprise, the apple was sweet and juicy. She shared the apple with her friends and they all enjoyed it. The magical tree kept growing apples and the little girl kept picking them. She even started a business selling the apples to her neighbors. ','\n\n어느날, 용감한 소녀가 마법의 나무에서 사과 하나를 따고 물고기를 하기로 결심했다. 그 사과는 각각 다르고 특별한 것 같았다. 그녀가 사과를 한 입 먹자, 놀라운 일이 벌어졌다. 사과는 달콤하고 쥬시거렸다. 그녀는 친구들과 그 사과를 나누었고 모두가 즐거웠다. 마법의 나무는 계속 사과를 맺고 소녀는 계속 사과를 따고 있었다. 그녀는 이웃들에게 사과를 팔기 위해 사업을 시작하기도 했다.','https://s3.ap-northeast-2.amazonaws.com/snapstory401/images/6183a2be-70a5-47b4-8737-584d06796292.png',86),(90,'2023-04-03 20:43:54.830480','2023-04-03 20:44:17.593351','\"\n\nOnce upon a time there was a little boy who loved burgers. He would go to the store every day to buy one. He would always get the same kind, a classic cheeseburger. One day, he decided to try something different and got a bacon cheeseburger. He loved it so much that he started getting it every day. He even started adding extra toppings like lettuce, tomatoes, and pickles. He was so proud of his creation that he started calling it the \"Super Burger\". ','\n\n한번 어느 때 거기에 작은 소년이 있었는데 그는 버거를 사랑했다. 그는 매일 가게에 가서 하나를 사고 그는 항상 같은 종류를 사였다, 클래식 치즈버거. 하루 그는 뭔가 다른 것을 시도하기로 결정하고 베이컨 치즈버거를 사였다. 그는 그것을 사랑했고 매일 그것을 사기 시작했다. 그는 로스트, 토마토, 피클을 같이 더하기도 시작했다. 그는 그 창조물에 대해 자랑스러워하여 \"슈퍼 버거\"라고 불렀다.','https://s3.ap-northeast-2.amazonaws.com/snapstory401/images/86d6b315-0656-4bfb-83c2-123cc82bea13.png',38),(91,'2023-04-03 20:57:53.507648','2023-04-03 20:58:22.043957','\"\n\nOnce upon a time, there was a loyal dog named Max. He was always happy and loved to play with his family. One day, Max went on an adventure and found a magical bone. He took it home and shared it with his family. Everyone was so happy and they all enjoyed playing with Max and the magical bone. Max was so proud of his discovery and he was the happiest dog in the world. ','\n\n언제나 그랬듯, 그곳에는 충성스러운 개 막스가 있었다. 그는 항상 행복하고 가족과 함께 놀기를 좋아했다. 하루, 막스는 모험을 떠났고 마법의 뼈를 발견했다. 그는 그것을 집에 가져와 가족과 함께 나눴다. 모두가 너무 행복해하고 막스와 마법의 뼈로 놀기를 즐겼다. 막스는 자신의 발견에 너무 자랑스러웠고 그는 세상에서 가장 행복한 개가 되었다.','https://s3.ap-northeast-2.amazonaws.com/snapstory401/images/43ba1424-3057-438f-9758-cec0c1dd5164.png',107),(92,'2023-04-03 21:18:55.693734','2023-04-03 21:19:16.406311','\"\n\nOnce upon a time there was a curious cat named Tom. He loved to explore and often went on adventures. One day he found a secret cave and decided to explore it. Inside he found a magical world full of interesting creatures. He made many new friends and had lots of fun. Eventually he had to go home, but he promised to come back soon. ','\n\n언제나 궁금한 고양이 톰이 있었다. 그는 탐험하는 것을 좋아하고 자주 모험을 떠났다. 하루 그는 비밀 동굴을 발견하고 그곳을 탐험하기로 결심했다. 그 안에서 그는 매력적인 생물들로 가득한 마법의 세계를 발견했다. 그는 많은 새로운 친구들을 만들고 많은 재미를 느끼게 되었다. 마침내 그는 집으로 돌아가야 했지만 곧 다시 올 거라고 약속했다.','https://s3.ap-northeast-2.amazonaws.com/snapstory401/images/3c8800a5-e602-4083-9ca8-4ea53abebb65.png',99),(93,'2023-04-03 21:30:23.447922','2023-04-03 21:30:42.350794','\"\n\nOnce upon a time there was a dog named Spot. He was a very friendly pup who loved to play with his friends. One day, Spot decided to go on an adventure and explore the world. He ran and jumped and had a great time. He even made some new friends along the way. Eventually, Spot got tired and decided to go home. He was happy to be back with his family and friends. ','\n\n언제나 그랬듯이 개 스팟이라는 이름의 개가 있었다. 그는 매우 친근한 강아지로 친구들과 함께 놀기를 좋아했다. 하루, 스팟은 모험을 떠나 세상을 탐험하기로 결심했다. 그는 뛰고 점프하며 멋진 시간을 보냈다. 그는 더하여 여행 동안 새로운 친구들도 만났다. 마침내 스팟은 피곤해져 가정으로 돌아가기로 결심했다. 그는 가족과 친구들과 함께 돌아왔다는 것에 기쁨을 느꼈다.','https://s3.ap-northeast-2.amazonaws.com/snapstory401/images/0cfdc601-1501-457f-bef9-901ac186fbb8.png',5),(94,'2023-04-03 22:13:55.710695','2023-04-03 22:14:14.849211','\"\n\nOnce upon a time there was a banana tree in a tropical forest. Every day the tree would produce delicious yellow bananas. The monkeys in the forest loved to eat the bananas and would often swing from the tree to get them. One day, a little girl came to the forest and saw the banana tree. She was so excited to see the bananas that she picked one and ate it. It was the sweetest banana she had ever tasted. The little girl thanked the banana tree for the delicious treat. ','\n\n어느날 트로피컬 포레스트에 바나나 나무가 있었습니다. 매일 나무는 맛있는 노란 바나나를 생산합니다. 포레스트의 원숭이들은 바나나를 먹기 좋아하고 나무에서 바나나를 얻기 위해 종종 나무에서 뛰어다니곤 했습니다. 하루, 작은 소녀가 포레스트에 왔고 바나나 나무를 보게 되었습니다. 그녀는 바나나를 보고 매우 기뻤고 하나를 줍고 먹었습니다. 그것은 그녀가 그동안 먹어본 적 없는 가장 달콤한 바나나였습니다. 작은 소녀는 맛있는 기분을 주었던 바나나 나무에게 감사를 표했습니다.','https://s3.ap-northeast-2.amazonaws.com/snapstory401/images/c10ac053-de24-44c7-812a-198b4ac78068.png',97),(95,'2023-04-03 23:12:30.241768','2023-04-03 23:12:41.671816','\"\n\nOnce upon a time there was a banana tree in a tropical forest. Every day the tree would produce delicious yellow bananas. The monkeys in the forest loved to eat the bananas and would often swing from the tree to get them. One day, a little girl came to the forest and saw the banana tree. She was so excited to see the bananas that she picked one and ate it. It was the sweetest banana she had ever tasted. The little girl thanked the banana tree for the delicious treat and promised to come back soon. ','\n\n어느날 트로피컬 포레스트에 바나나 나무가 있었습니다. 매일 나무는 맛있는 노란 바나나를 생산합니다. 포레스트의 원숭이들은 바나나를 먹기 좋아하고 나무에서 가져오기 위해 종종 나무에서 뛰어다니곤 했습니다. 하루, 작은 소녀가 포레스트에 왔고 바나나 나무를 보게 되었습니다. 그녀는 바나나를 보고 매우 기뻤고 하나를 가져가서 먹었습니다. 그것은 그녀가 그동안 먹어본 적이 있는 가장 달콤한 바나나였습니다. 작은 소녀는 맛있는 기분을 주었던 바나나 나무에게 감사하고 곧 다시 올 거라고 약속했습니다.','https://s3.ap-northeast-2.amazonaws.com/snapstory401/images/32ce59b8-1d5b-4359-b149-053a01005e98.png',108),(96,'2023-04-04 09:26:49.296119','2023-04-04 09:27:06.640821','\"\n\nOnce upon a time there was a family who loved pizza. Every Friday night they would order a large pizza with all their favorite toppings. They would gather around the table and enjoy the delicious pizza together. One day, the family decided to make their own pizza. They bought all the ingredients and followed the recipe. After baking it in the oven, the pizza was ready. Everyone was so excited to try it and it was even better than the pizza they ordered. ','\n\n언제나 한 가족이 피자를 사랑했습니다. 매 주 금요일 밤에 그들은 자신들이 좋아하는 토핑이 들어간 큰 피자를 주문했습니다. 그들은 테이블 주위에 모여 맛있는 피자를 함께 즐겼습니다. 하루, 가족은 자신들의 피자를 만들기로 결정했습니다. 그들은 모든 재료를 사고 레시피를 따랐습니다. 오븐에서 구워낸 후 피자가 준비되었습니다. 모두가 기대하며 먹으려고 하는데, 주문한 피자보다 더 맛있었습니다.','https://s3.ap-northeast-2.amazonaws.com/snapstory401/images/e68dbb89-1b7c-4fea-af55-dbc72a2f908e.png',37),(99,'2023-04-04 10:29:49.491710','2023-04-04 10:30:19.785365','\"\n\nOnce upon a time there was an orange tree in a garden. Every day the orange tree would produce juicy oranges that were enjoyed by the animals in the garden. One day, a little bird came to the tree and asked if it could have some oranges. The orange tree happily agreed and gave the bird some oranges. The bird was so happy that it sang a beautiful song to thank the orange tree. The orange tree was so pleased that it started to produce even more oranges. From then on, the orange tree and the little bird were the best of friends. ','\n\n어느날 가든에는 오렌지 나무가 있었다. 매일 오렌지 나무는 달콤한 오렌지를 만들어 가든의 동물들이 즐겼다. 그날, 작은 새가 나무에 와서 오렌지를 주시겠다고 물었다. 오렌지 나무는 기쁘게도 동의하고 새에게 오렌지를 주었다. 새는 그렇게 기쁘게 느끼셨기에 나무에게 감사하는 멋진 노래를 불렀다. 오렌지 나무는 그렇게 기쁘게 느끼셨기에 더 많은 오렌지를 만들기 시작했다. 그래서 오렌지 나무와 작은 새는 이후로 최고의 친구가 되었다.','https://s3.ap-northeast-2.amazonaws.com/snapstory401/images/833c487e-118f-48f0-bdf9-abd7f0d05309.png',59),(100,'2023-04-04 10:37:08.284446','2023-04-04 10:37:46.643131','\"\n\nOnce upon a time, there was a strawberry patch in a small village. Every day, the villagers would pick the sweet, juicy strawberries and enjoy them. One day, a little girl named Lucy found a giant strawberry in the patch. She was so excited that she ran home to show her family. Everyone was amazed by the size of the strawberry and they all enjoyed eating it. The villagers decided to plant more strawberries in the patch so they could have more giant strawberries. From then on, the village was known for its delicious strawberries. ','\n\n어느날, 작은 마을에는 딸기 밭이 있었다. 매일 마을 사람들은 달콤하고 쥬시한 딸기를 채취해 먹었다. 그날, 루시라는 이름의 소녀가 밭에서 거대한 딸기를 발견했다. 그녀는 기뻐해 집으로 달려갔다. 모두가 그 딸기의 크기에 놀랐고 모두가 그것을 먹었다. 마을 사람들은 밭에 더 많은 딸기를 심어 더 많은 거대한 딸기를 가질 수 있게 결정했다. 그러한 이후로 마을은 맛있는 딸기로 유명해졌다.','https://s3.ap-northeast-2.amazonaws.com/snapstory401/images/2ce2c256-bde0-4941-b8bc-7e589fdbfced.png',102),(105,'2023-04-04 11:09:49.051181','2023-04-04 11:10:15.450180','\"\n\nOnce upon a time, there was a dinosaur named Rex. He lived in a big forest with his family. Every day, Rex and his family would explore the forest and look for food. One day, Rex found a big lake and decided to take a swim. He had so much fun splashing around in the water! After his swim, Rex and his family went back to their home in the forest. They were all very happy and content. ','\n\n언제나 그랬듯, 거대한 숲 속에는 렉스라는 공룡이 살고 있었다. 그는 가족과 함께 매일 숲을 탐험하고 음식을 찾아보는 일을 하고 있었다. 그날 렉스는 거대한 호수를 발견하고 수영을 하기로 결심했다. 그는 물 속에서 즐거운 시간을 보냈다. 수영을 마친 렉스와 가족들은 숲으로 돌아갔다. 그들은 모두 매우 행복하고 만족하며 살고 있었다.','https://s3.ap-northeast-2.amazonaws.com/snapstory401/images/57126424-e03d-4f99-aabe-0cfabc3401e2.png',64),(106,'2023-04-04 12:33:08.538101','2023-04-04 12:33:32.794562','\"\n\nOnce upon a time there was a girl who was very nearsighted. She couldn\'t see very far without her glasses. One day, she decided to get a new pair of glasses. She went to the optometrist and got a pair of glasses that fit her perfectly. She was so excited to be able to see the world around her clearly. She wore her glasses everywhere and was so happy to be able to see the world around her. ','\n\n한번 어느 때 거리보기가 매우 나쁜 소녀가 있었습니다. 그녀는 안경 없이는 멀리 볼 수가 없었습니다. 하루, 그녀는 새로운 안경을 사기로 결심했습니다. 그녀는 안경점에 갔고 자신에게 완벽하게 맞는 안경을 사옵니다. 그녀는 맑게 주변 세상을 볼 수 있어서 매우 기뻤습니다. 그녀는 안경을 모든 곳에 쓰고 주변 세상을 볼 수 있어서 매우 행복했습니다.','https://s3.ap-northeast-2.amazonaws.com/snapstory401/images/065f9cc0-33b2-4e76-adbd-713669d62704.png',85),(108,'2023-04-04 12:40:22.788535','2023-04-04 12:41:04.325877','\"\n\nOnce upon a time there was a duck who lived in a pond. He loved to swim and play with his friends. One day, he decided to explore the world outside the pond. He flew away and saw many new and exciting things. He even made some new friends along the way. Eventually, he returned to his pond, happy and content. ','\n\n언제나 개구리가 연못에 살고 있었다. 그는 수영하고 친구들과 놀기를 좋아했다. 하루, 그는 연못 밖의 세상을 탐험하기로 결심했다. 그는 날아가서 많은 새로운 기쁘고 흥미로운 것들을 보았다. 그는 또한 길 위에서 새로운 친구들도 만났다. 마침내, 그는 행복하고 만족하며 연못로 돌아왔다.','https://s3.ap-northeast-2.amazonaws.com/snapstory401/images/5b5cd050-d056-451a-8f04-682a0ef6459d.png',39),(109,'2023-04-04 12:41:54.230165','2023-04-04 12:42:21.716535','\"\n\nOnce upon a time there was a grape vine that grew in a sunny meadow. Every day the sun shone brightly and the grape vine grew bigger and bigger. The grapes were so sweet and juicy that the animals in the meadow couldn\'t resist them. They ate the grapes until there were none left. The grape vine was sad, but it kept growing and eventually produced more grapes. The animals were so happy that they celebrated with a big feast. ','\n\n언제나 그래왔듯이 해빛 들판에 포도나무가 자라고 있었다. 매일 태양이 밝게 비추며 포도나무는 더 크고 크게 자랐다. 그 포도는 너무 달콤하고 주스가 많아 들판 동물들이 참을 수 없었다. 그들은 포도를 다 먹어서 남은 것이 없었다. 포도나무는 슬프지만 계속 자라며 다시 포도를 만들었다. 동물들은 그렇게 큰 축제를 하며 기뻤다.','https://s3.ap-northeast-2.amazonaws.com/snapstory401/images/2cff90be-4bdf-4d6a-91d1-f3d59a132247.png',51),(110,'2023-04-04 12:51:15.584633','2023-04-04 12:51:44.252285','\"\n\nOnce upon a time there was a little girl who loved to bake cookies. She would mix the ingredients together, roll out the dough, and cut out the shapes. She would then bake the cookies in the oven until they were golden brown. After they cooled, she would decorate them with colorful icing and sprinkles. Everyone who tasted her cookies said they were delicious! ','\n\n언제나 그러한 것처럼, 쿠키를 좋아하는 작은 소녀가 있었습니다. 그녀는 재료를 합쳐 반죽을 만들고, 도장을 찍고 모양을 자르고, 그리고 고기를 노란색깔로 구워주었습니다. 그리고 냉각하고 나서 다양한 색깔의 아이스크림과 스프렛을 뿌려주었습니다. 그녀의 쿠키를 먹은 모든 사람들이 맛있다고 하였습니다!','https://s3.ap-northeast-2.amazonaws.com/snapstory401/images/9d741f0e-565d-4036-9048-61eceb3c9920.png',47),(112,'2023-04-04 13:49:22.882217','2023-04-04 13:50:20.700124','\"\n\nOnce upon a time there was a little cap who lived in a small village. He was always curious about the world outside his village and wanted to explore it. One day, he decided to take a journey and set off on an adventure. He met many interesting people and creatures along the way and learned a lot of new things. Eventually, he made it back home safe and sound, with lots of stories to tell. ','\n\n언제나 그 작은 마을에 살고 있던 작은 모자는 외부 세상을 탐구하고 싶었다. 그는 하루 여행을 떠나 어느 날 모험을 떠났다. 그는 길고 갈길 끝에 많은 흥미로운 사람과 동물들을 만났고 새로운 것들을 배웠다. 마침내 그는 안전하게 그의 마을로 돌아왔고 많은 이야기를 가지고 왔다.','https://s3.ap-northeast-2.amazonaws.com/snapstory401/images/e9d21cb7-db17-4670-8440-d296e783b897.png',14),(113,'2023-04-04 13:52:13.067737','2023-04-04 13:53:01.330239','\"\n\nOnce upon a time there was a family who had a table. Every day they would gather around the table to eat meals, play games, and talk. The table was a place of joy and laughter, and it was the center of the family\'s life. One day, the family decided to decorate the table with a beautiful tablecloth and some flowers. From then on, the table was even more special to them. Whenever they were feeling down, they would look at the table and remember all the happy memories they had shared around it. ','\n\n그리고 하나의 가족이 테이블을 가지고 있었습니다. 매일 그들은 테이블 주위에 모여 식사를 하고 게임을 하고 대화를 나누고 있었습니다. 테이블은 기쁨과 웃음의 장소였고 가족의 삶의 중심이 되었습니다. 하루, 가족들은 테이블을 아름다운 식탁보와 꽃들로 장식하기로 결정했습니다. 그러한 이후로 테이블은 그들에게 더욱 특별해졌습니다. 매번 그들이 우울해할 때, 그들은 테이블을 보고 그곳에서 공유한 행복한 추억을 생각하고 있었습니다.','https://s3.ap-northeast-2.amazonaws.com/snapstory401/images/d7d71b06-b2f5-4363-b86e-de8db801ff02.png',101),(114,'2023-04-04 13:54:22.401602','2023-04-04 13:54:50.606051','\"\n\nOnce upon a time there was a tiger who lived in the jungle. He was the king of the jungle and all the animals respected him. He was very brave and strong and could run very fast. He was also very wise and always looked out for the other animals. One day, he saved a baby deer from a pack of wolves. The deer was so grateful that it followed the tiger everywhere. The tiger taught the deer how to survive in the jungle and they became best friends. The tiger and the deer lived happily ever after in the jungle. ','\n\n언제나 그 숲에 사는 호랑이가 있었다. 그가 숲의 왕이었고 모든 동물들이 그를 존경했다. 그는 매우 용감하고 강하며 매우 빠르게 달릴 수 있었다. 그는 또한 매우 지혜롭고 항상 다른 동물들을 위해 바라보고 있었다. 하루, 그는 늑대 무리로부터 새끼 사슴을 구해냈다. 사슴은 그렇게 감사해서 호랑이를 따라다니기 시작했다. 호랑이는 사슴에게 숲에서 생존하는 방법을 가르쳤고 그들은 최고의 친구가 되었다. 호랑이와 사슴은 숲에서 행복하게 살아갔다.','https://s3.ap-northeast-2.amazonaws.com/snapstory401/images/fdd7e3c7-5bde-4852-8c7e-a92adc3cb033.png',32),(116,'2023-04-04 14:36:52.805486','2023-04-04 14:37:14.598986','\"\n\nOnce upon a time there was a young girl who loved to read. She would spend hours in the library, discovering new stories and learning about the world. One day, she found a special book that changed her life. It was filled with magical adventures and exciting characters. She read it over and over, and each time she found something new. The book became her best friend, and she never wanted to put it down. She kept it with her wherever she went, and it made her life more exciting and meaningful. ','\n\n어느날, 그녀는 특별한 책을 발견했고 그 책은 그녀의 삶을 바꿔놓았다. 그 책은 마법적인 모험과 흥미로운 캐릭터들로 가득했다. 그녀는 그 책을 한 번 밖에 못 본 적이 없었고, 그녀는 그 책을 가장 친한 친구로 여겼다. 그녀는 어디든지 그 책을 따라가며, 그 책이 그녀의 삶을 더욱 즐겁고 의미있게 만들어주었다.','https://s3.ap-northeast-2.amazonaws.com/snapstory401/images/40b257a9-bf8d-450c-8a2d-794b4b935f51.png',114),(118,'2023-04-04 14:59:55.010130','2023-04-04 15:00:25.006163','\"\n\nOnce upon a time there was a pair of scissors. They were very special scissors because they could cut through anything. One day, the scissors were taken to a tailor\'s shop to help make clothes. The tailor was amazed at how quickly the scissors could cut through the fabric. The scissors were so sharp that they could even cut through paper. Everyone in the shop was amazed at the scissors\' power. The scissors were so proud of their work that they decided to stay in the shop forever. ','\n\n언제나 같은 시간에 한 쌍의 가위가 있었다. 그들은 매우 특별한 가위였다, 왜냐하면 그들은 무엇이든 잘라낼 수 있었기 때문이다. 하루, 가위는 의류를 만들기 위해 재봉사샵으로 갔다. 재봉사는 얼마나 빨리 가위가 직물을 잘라낼 수 있는지 놀라웠다. 가위는 너무나 날카롭기 때문에 종이도 잘라낼 수 있었다. 샵에 있는 모든 사람들은 가위의 힘에 놀라했다. 가위는 자신의 일에 너무나도 자랑스러워해서 샵에 계속 머물기로 결정했다.','https://s3.ap-northeast-2.amazonaws.com/snapstory401/images/2b387bc5-e253-4bcf-b12d-32d80644bc26.png',40),(119,'2023-04-04 15:05:11.209967','2023-04-04 15:05:38.075973','\"\n\nOnce upon a time, there was a little penguin who lived in the South Pole. He loved to swim and play in the icy waters. Every day he would go out and explore the icy landscape. One day, he found a group of other penguins and they became friends. They would play together and have lots of fun. They even taught each other new tricks. The little penguin was so happy to have found his new friends. ','\n\n언제나 그랬듯, 남극에 살고 있는 작은 펭귄이 있었다. 그는 얼음 물에서 수영하고 놀기를 좋아했다. 매일 그는 얼음 면에서 탐험을 나갔다. 하루, 그는 다른 펭귄들의 무리를 발견했고 그들은 친구가 되었다. 그들은 함께 놀고 즐거움을 많이 느꼈다. 그들은 새로운 기술도 서로 가르쳤다. 작은 펭귄은 새로운 친구를 발견하여 너무나 행복했다.','https://s3.ap-northeast-2.amazonaws.com/snapstory401/images/89ed4aed-0c1a-4264-a6c6-66184f1116ed.png',44),(121,'2023-04-04 15:09:27.141417','2023-04-04 15:09:52.327591','\"\n\nOnce upon a time there was a ball that wanted to explore the world. It rolled down a hill, across a field, and over a bridge. It hopped onto a train and traveled to a new city. It bounced around the city, meeting new friends and seeing new sights. Finally, it hopped back onto the train and returned home. The ball was happy to have seen so much of the world. ','\n\n그때 한 번 세상을 방문하고 싶어하는 공이 있었다. 그 공은 강길을 내려가고, 들판을 건너고, 다리를 건넌 뒤 기차에 타고 새로운 도시로 갔다. 그 공은 도시를 돌아다니며 새로운 친구들을 만나고 새로운 것들을 보았다. 마침내 그 공은 기차에 타고 집으로 돌아왔다. 그 공은 세상을 보는 것에 만족하였다.','https://s3.ap-northeast-2.amazonaws.com/snapstory401/images/a9086d61-0359-410e-aea0-be6d45ede09d.png',30),(123,'2023-04-04 15:19:18.870750','2023-04-04 15:20:34.581461','\"\n\nOnce upon a time there was a magical tree. It was so tall that it could touch the sky. Every day, birds would come and rest on its branches. The tree was so strong that it could withstand any storm. Its leaves were so green that they could be seen from miles away. Every morning, the sun would shine through its branches and light up the world. The tree was a symbol of hope and strength for all who saw it. ','\n\n어느날, 마법의 나무가 있었다. 그 나무는 매우 높아 하늘까지 닿을 정도였다. 매일 새들이 그 나무가 자라는 가지에 쉬고 있었다. 그 나무는 모든 폭풍에도 강하게 버티고 있었다. 그 나무의 잎은 멀리서도 볼 수 있는 초록색이었다. 매일 아침 해는 그 나무의 가지를 통해 빛을 발하고 세상을 밝혔다. 그 나무는 모든 사람들에게 희망과 힘의 상징이 되었다.','https://s3.ap-northeast-2.amazonaws.com/snapstory401/images/a40f7ad9-2967-4d9e-a3b5-eaec126f8ee8.png',48),(124,'2023-04-04 15:26:19.957636','2023-04-04 15:38:19.452730','\"\n\nOnce upon a time there was a sock who lived in a drawer. He was always lonely and wanted to find a friend. One day he decided to go on an adventure and explore the world. He hopped out of the drawer and started walking. He soon found a pair of socks who were also looking for a friend. They became best friends and went on many adventures together. They even found a way to fly! ','\n\n언제나 그 서랍속에 살고 있던 양말은 외로웠고 친구를 찾고 싶었다. 그날 그는 모험을 떠나는 것을 결심했고, 서랍에서 뛰어나와 세상을 탐험하기 시작했다. 그는 곧 친구를 찾고 있던 또 다른 양말들을 만났고, 그들은 즉시 친구가 되었다. 그들은 많은 모험을 하고 날 수 있는 방법도 찾았다.','https://s3.ap-northeast-2.amazonaws.com/snapstory401/images/ce29281a-eabf-4c5f-9021-c3e69628643a.png',41),(125,'2023-04-04 16:32:02.054604','2023-04-04 16:36:52.342614','\"\n\nOnce upon a time there was a spoon who wanted to explore the world. He asked a fork to take him on an adventure, but the fork said no. So the spoon decided to go on his own. He traveled to many places, meeting new friends and learning new things. He even helped a chef make a delicious soup! Eventually, the spoon returned home, happy and wiser than before. ','\n\n그래서 숟가락은 혼자 떠나기로 결심했다. 그는 새로운 친구들을 만나고 새로운 것들을 배우며 많은 곳을 여행하였다. 그는 요리사가 만드는 맛있는 수프를 도와줬다. 결국 숟가락은 기쁘고 더 나은 사람으로 귀가하였다.','https://s3.ap-northeast-2.amazonaws.com/snapstory401/images/ca43f2bb-8633-4153-9a0d-9ac2455e98ce.png',112),(126,'2023-04-04 16:38:03.597268','2023-04-04 16:38:31.871856','\"\n\nOnce upon a time there was a pencil who wanted to be the best pencil in the world. He practiced every day, drawing pictures and writing stories. One day, he was chosen to be the pencil of a famous artist. He was so proud of himself and worked hard to make the artist\'s drawings perfect. He was so successful that soon he was the pencil of choice for many famous artists. He was so proud of himself and his accomplishments. ','\n\n언제나 그런 이야기가 있었다. 한 연필이 세계에서 가장 좋은 연필이 되기를 원했다. 그는 매일 배우고 그림을 그리고 이야기를 쓰며 연습했다. 그날, 그는 유명한 화가의 연필이 되었다. 그는 자신을 너무나도 자랑스럽게 생각했고 화가의 그림을 완벽하게 만들기 위해 노력했다. 그는 너무나도 성공적이었기에 곧 많은 유명한 화가들이 그 연필을 선택하기 시작했다. 그는 자신과 그의 성과를 너무나도 자랑스럽게 생각했다.','https://s3.ap-northeast-2.amazonaws.com/snapstory401/images/80d99f3a-d530-4d9e-8823-61f0875bd641.png',42),(127,'2023-04-05 10:06:04.382910','2023-04-05 10:06:42.605464','\"\n\nOnce upon a time there was a cup. It was made of glass and it was very fragile. One day, the cup was filled with water and placed on a table. Suddenly, the cup fell off the table and broke into pieces. Everyone was sad, but then they realized that the cup was still useful. They used the pieces to make a beautiful mosaic. ','\n\n한번 이야기가 있었다. 그것은 유리로 만들어진 컵이었고 매우 약하기 때문에. 하루, 컵에 물이 담겨 테이블 위에 놓여졌다. 갑자기, 컵이 테이블에서 떨어져 부서졌다. 모두가 슬프게 느꼈지만 그러나 그 컵은 여전히 쓸모가 있음을 깨달았다. 그들은 부서진 조각들을 사용해 아름다운 모자이크를 만들었다.','https://s3.ap-northeast-2.amazonaws.com/snapstory401/images/71680b79-20dc-4e4a-a820-6c7b135a0d8b.png',69),(128,'2023-04-05 12:31:47.687698','2023-04-05 12:31:47.687698','\"\n\nOnce upon a time, there was a little girl who loved candy. She would go to the store every day to buy her favorite treats. One day, she found a magical candy that granted her three wishes. She wished for a lifetime supply of candy, and it came true! She was so happy that she shared her candy with everyone she knew. Everyone was so delighted that they all celebrated with a big candy feast. The little girl was so proud of her magical candy. ','\n\n그래서 한번 이야기가 있었습니다. 그것은 사탕을 좋아하는 작은 소녀가 있었습니다. 그녀는 매일 즐겨 먹는 사탕을 사기 위해 가게에 갔습니다. 그러던 어느 날, 그녀는 세 가지 소원을 이루어주는 마법의 사탕을 발견했습니다. 그녀는 사탕의 영원한 공급을 소원했고, 그것이 이루어졌습니다! 그녀는 너무 기쁘게 되어 모든 사람에게 사탕을 나눠주었습니다. 모두가 너무 기쁘게 되어 많은 사탕 잔치를 하기로 했습니다. 작은 소녀는 마법의 사탕에 대해 너무나도 자랑스럽게 느꼈습니다.','',104),(129,'2023-04-05 12:41:21.588240','2023-04-05 12:42:15.275770','\"\n\nOnce upon a time, there was a dinosaur named Rex. He lived in a big forest with his family. Every day, Rex and his family would explore the forest and look for food. One day, Rex found a big lake and decided to take a swim. He had so much fun splashing around in the water! After his swim, Rex and his family went back to their home in the forest. They were all very happy and content. ','\n\n언제나 그랬듯, 거대한 숲 속에는 렉스라는 공룡이 살고 있었다. 그는 가족과 함께 매일 숲을 탐험하고 음식을 찾아보는 일을 하고 있었다. 그날 렉스는 거대한 호수를 발견하고 수영을 하기로 결심했다. 그는 물 속에서 즐거운 시간을 보냈다. 수영을 마친 렉스와 가족들은 숲으로 돌아갔다. 그들은 모두 매우 행복하고 만족하며 살고 있었다.','https://s3.ap-northeast-2.amazonaws.com/snapstory401/images/63aed14d-01d2-4631-835c-f7ddc9eb52ea.png',115),(130,'2023-04-05 12:43:50.241336','2023-04-05 12:44:21.271167','\"\n\nOnce upon a time there was an orange tree in a garden. Every day the orange tree would produce juicy oranges that were enjoyed by the animals in the garden. One day, a little bird came to the tree and asked if it could have some oranges. The orange tree happily agreed and gave the bird some oranges. The bird was so happy that it sang a beautiful song to thank the orange tree. The orange tree was so pleased that it started to produce even more oranges. From then on, the orange tree and the little bird were the best of friends. ','\n\n어느날 가든에는 오렌지 나무가 있었다. 매일 오렌지 나무는 달콤한 오렌지를 만들어 가든 동물들이 즐겼다. 하루 작은 새가 나무에 와서 오렌지를 주시래고 물었다. 오렌지 나무는 기쁘게도 동의하고 새에게 오렌지를 주었다. 새는 그렇게 기쁘게 느끼서 나무에게 감사하는 노래를 불렀다. 오렌지 나무는 그렇게 기쁘게 느끼서 더 많은 오렌지를 만들기 시작했다. 그래서 오렌지 나무와 작은 새는 최고의 친구가 되었다.','https://s3.ap-northeast-2.amazonaws.com/snapstory401/images/0bc52de8-dcff-430a-92c2-381f4a6437c8.png',116),(131,'2023-04-05 12:53:45.027533','2023-04-05 12:54:23.925904','\"\n\nOnce upon a time there was an orange tree in a garden. Every day the orange tree would produce juicy oranges that were enjoyed by the animals in the garden. One day, a little bird came to the tree and asked if it could have some oranges. The orange tree happily agreed and gave the bird some oranges. The bird was so happy that it sang a beautiful song to thank the orange tree. The orange tree was so pleased that it started to produce even more oranges. From then on, the orange tree and the little bird were the best of friends. ','\n\n어느날 가든에는 오렌지 나무가 있었다. 매일 오렌지 나무는 달콤한 오렌지를 만들어 가든 동물들이 즐겼다. 하루 작은 새가 나무에 와서 오렌지를 주시래고 물었다. 오렌지 나무는 기쁘게도 동의하고 새에게 오렌지를 주었다. 새는 그렇게 기쁘게 느끼서 나무에게 감사하는 노래를 불렀다. 오렌지 나무는 그렇게 기쁘게 느끼서 더 많은 오렌지를 만들기 시작했다. 그래서 오렌지 나무와 작은 새는 영원히 친구가 되었다.','https://s3.ap-northeast-2.amazonaws.com/snapstory401/images/42779f73-6c08-4c7c-9044-4bcf709f698f.png',121),(132,'2023-04-05 12:56:51.937763','2023-04-05 12:57:40.916541','\"\n\nOnce upon a time, there was a dinosaur named Rex. He lived in a big forest with his family. Every day, Rex and his family would explore the forest and look for food. One day, Rex found a big lake and decided to take a swim. He had so much fun splashing around in the water! After his swim, Rex and his family went back to their home in the forest. They were all very happy and content. ','\n\n언제나 그랬듯, 거대한 숲 속에는 렉스라는 공룡이 살고 있었다. 그는 가족과 함께 매일 숲을 탐험하고 음식을 찾아보는 일을 하고 있었다. 그날 렉스는 거대한 호수를 발견하고 수영을 하기로 결심했다. 그는 물 속에서 즐거운 시간을 보냈다. 수영을 마친 렉스와 가족들은 숲으로 돌아갔다. 그들은 모두 매우 행복하고 만족하며 살고 있었다.','https://s3.ap-northeast-2.amazonaws.com/snapstory401/images/27360553-53ca-4015-a05c-4266cbe9a4b7.png',122);
/*!40000 ALTER TABLE `ai_tale` ENABLE KEYS */;
UNLOCK TABLES;

--
-- Table structure for table `quiz_tale`
--

DROP TABLE IF EXISTS `quiz_tale`;
/*!40101 SET @saved_cs_client     = @@character_set_client */;
/*!50503 SET character_set_client = utf8mb4 */;
CREATE TABLE `quiz_tale` (
  `quiz_tale_id` int NOT NULL AUTO_INCREMENT,
  `title` varchar(255) NOT NULL,
  `video` varchar(255) NOT NULL,
  PRIMARY KEY (`quiz_tale_id`)
) ENGINE=InnoDB AUTO_INCREMENT=6 DEFAULT CHARSET=utf8mb4 COLLATE=utf8mb4_0900_ai_ci;
/*!40101 SET character_set_client = @saved_cs_client */;

--
-- Dumping data for table `quiz_tale`
--

LOCK TABLES `quiz_tale` WRITE;
/*!40000 ALTER TABLE `quiz_tale` DISABLE KEYS */;
INSERT INTO `quiz_tale` VALUES (1,'신데렐라','7XFFStC-XqA'),(2,'백설공주','P2fqsglgqh0'),(3,'잠자는 숲속의 공주','D6oZ9WeOVnc'),(4,'라푼젤','Li1wr_I-o8E'),(5,'미녀와 야수','_Yr62BZy4gw');
/*!40000 ALTER TABLE `quiz_tale` ENABLE KEYS */;
UNLOCK TABLES;

--
-- Table structure for table `quiz_tale_item`
--

DROP TABLE IF EXISTS `quiz_tale_item`;
/*!40101 SET @saved_cs_client     = @@character_set_client */;
/*!50503 SET character_set_client = utf8mb4 */;
CREATE TABLE `quiz_tale_item` (
  `quiz_tale_item_id` int NOT NULL AUTO_INCREMENT,
  `image_black` varchar(255) NOT NULL,
  `image_color` varchar(255) NOT NULL,
  `item_eng` varchar(255) NOT NULL,
  PRIMARY KEY (`quiz_tale_item_id`)
) ENGINE=InnoDB AUTO_INCREMENT=16 DEFAULT CHARSET=utf8mb4 COLLATE=utf8mb4_0900_ai_ci;
/*!40101 SET character_set_client = @saved_cs_client */;

--
-- Dumping data for table `quiz_tale_item`
--

LOCK TABLES `quiz_tale_item` WRITE;
/*!40000 ALTER TABLE `quiz_tale_item` DISABLE KEYS */;
INSERT INTO `quiz_tale_item` VALUES (1,'assets/quizItems/shoe_f','assets/quizItems/shoe_t','shoe'),(2,'assets/quizItems/crown_f','assets/quizItems/crown_t','crown'),(3,'assets/quizItems/clock_f','assets/quizItems/clock_t','clock'),(4,'assets/quizItems/dog_f','assets/quizItems/dog_t','dog'),(5,'assets/quizItems/apple_f','assets/quizItems/apple_t','apple'),(6,'assets/quizItems/flower_f','assets/quizItems/flower_t','flower'),(7,'assets/quizItems/horse_f','assets/quizItems/horse_t','horse'),(8,'assets/quizItems/sword_f','assets/quizItems/sword_t','sword'),(9,'assets/quizItems/bird_f','assets/quizItems/bird_t','bird'),(10,'assets/quizItems/tree_f','assets/quizItems/tree_t','tree'),(11,'assets/quizItems/snowflake_f','assets/quizItems/snowflake_t','snowflake'),(12,'assets/quizItems/castle_f','assets/quizItems/castle_t','castle'),(13,'assets/quizItems/lion_f','assets/quizItems/lion_t','lion'),(14,'assets/quizItems/rainbow_f','assets/quizItems/rainbow_t','rainbow'),(15,'assets/quizItems/lollipop_f','assets/quizItems/lollipop_t','lollipop');
/*!40000 ALTER TABLE `quiz_tale_item` ENABLE KEYS */;
UNLOCK TABLES;

--
-- Table structure for table `quiz_tale_item_draw`
--

DROP TABLE IF EXISTS `quiz_tale_item_draw`;
/*!40101 SET @saved_cs_client     = @@character_set_client */;
/*!50503 SET character_set_client = utf8mb4 */;
CREATE TABLE `quiz_tale_item_draw` (
  `quiz_tale_item_draw_id` int NOT NULL AUTO_INCREMENT,
  `create_time` datetime(6) DEFAULT NULL,
  `update_time` datetime(6) DEFAULT NULL,
  `quiz_tale_item_list_id` int DEFAULT NULL,
  `user_id` int DEFAULT NULL,
  PRIMARY KEY (`quiz_tale_item_draw_id`),
  KEY `FKar8fgh6p0lewkae8h9qfnv5gp` (`quiz_tale_item_list_id`),
  KEY `FK98lj70fi4aktg4vu616f79nhd` (`user_id`),
  CONSTRAINT `FK98lj70fi4aktg4vu616f79nhd` FOREIGN KEY (`user_id`) REFERENCES `user` (`user_id`) ON DELETE CASCADE,
  CONSTRAINT `FKar8fgh6p0lewkae8h9qfnv5gp` FOREIGN KEY (`quiz_tale_item_list_id`) REFERENCES `quiz_tale_item_list` (`quiz_tale_item_list_id`)
) ENGINE=InnoDB AUTO_INCREMENT=322 DEFAULT CHARSET=utf8mb4 COLLATE=utf8mb4_0900_ai_ci;
/*!40101 SET character_set_client = @saved_cs_client */;

--
-- Dumping data for table `quiz_tale_item_draw`
--

LOCK TABLES `quiz_tale_item_draw` WRITE;
/*!40000 ALTER TABLE `quiz_tale_item_draw` DISABLE KEYS */;
INSERT INTO `quiz_tale_item_draw` VALUES (255,'2023-04-03 17:35:33.692330','2023-04-03 17:35:33.692330',12,11),(256,'2023-04-03 17:36:10.943578','2023-04-03 17:36:10.943578',11,11),(258,'2023-04-03 17:37:10.349050','2023-04-03 17:37:10.349050',13,11),(259,'2023-04-03 17:37:38.028739','2023-04-03 17:37:38.028739',14,11),(263,'2023-04-03 17:53:00.562910','2023-04-03 17:53:00.562910',12,12),(280,'2023-04-04 10:15:42.882312','2023-04-04 10:15:42.882312',13,4),(281,'2023-04-04 10:16:22.258519','2023-04-04 10:16:22.258519',15,4),(282,'2023-04-04 10:17:20.194084','2023-04-04 10:17:20.194084',16,4),(315,'2023-04-05 12:50:15.188857','2023-04-05 12:50:15.188857',11,16),(320,'2023-04-05 12:59:17.183525','2023-04-05 12:59:17.183525',8,17),(321,'2023-04-05 12:59:44.727138','2023-04-05 12:59:44.727138',20,17);
/*!40000 ALTER TABLE `quiz_tale_item_draw` ENABLE KEYS */;
UNLOCK TABLES;

--
-- Table structure for table `quiz_tale_item_list`
--

DROP TABLE IF EXISTS `quiz_tale_item_list`;
/*!40101 SET @saved_cs_client     = @@character_set_client */;
/*!50503 SET character_set_client = utf8mb4 */;
CREATE TABLE `quiz_tale_item_list` (
  `quiz_tale_item_list_id` int NOT NULL AUTO_INCREMENT,
  `quiz_tale_id` int DEFAULT NULL,
  `quiz_tale_item_id` int DEFAULT NULL,
  PRIMARY KEY (`quiz_tale_item_list_id`),
  KEY `FKq3e1sovpkuowfiiqmk6niwoap` (`quiz_tale_id`),
  KEY `FK9nrtmt7mpw6nnb5g69vm0tsck` (`quiz_tale_item_id`),
  CONSTRAINT `FK9nrtmt7mpw6nnb5g69vm0tsck` FOREIGN KEY (`quiz_tale_item_id`) REFERENCES `quiz_tale_item` (`quiz_tale_item_id`),
  CONSTRAINT `FKq3e1sovpkuowfiiqmk6niwoap` FOREIGN KEY (`quiz_tale_id`) REFERENCES `quiz_tale` (`quiz_tale_id`)
) ENGINE=InnoDB AUTO_INCREMENT=21 DEFAULT CHARSET=utf8mb4 COLLATE=utf8mb4_0900_ai_ci;
/*!40101 SET character_set_client = @saved_cs_client */;

--
-- Dumping data for table `quiz_tale_item_list`
--

LOCK TABLES `quiz_tale_item_list` WRITE;
/*!40000 ALTER TABLE `quiz_tale_item_list` DISABLE KEYS */;
INSERT INTO `quiz_tale_item_list` VALUES (1,1,1),(2,1,2),(3,1,3),(4,1,4),(5,2,5),(6,2,6),(7,2,2),(8,2,7),(9,3,2),(10,3,8),(11,3,9),(12,3,10),(13,4,11),(14,4,12),(15,4,7),(16,4,6),(17,5,13),(18,5,14),(19,5,6),(20,5,15);
/*!40000 ALTER TABLE `quiz_tale_item_list` ENABLE KEYS */;
UNLOCK TABLES;

--
-- Table structure for table `quiz_tale_list`
--

DROP TABLE IF EXISTS `quiz_tale_list`;
/*!40101 SET @saved_cs_client     = @@character_set_client */;
/*!50503 SET character_set_client = utf8mb4 */;
CREATE TABLE `quiz_tale_list` (
  `quiz_tale_list_id` int NOT NULL AUTO_INCREMENT,
  `create_time` datetime(6) DEFAULT NULL,
  `update_time` datetime(6) DEFAULT NULL,
  `quiz_tale_id` int DEFAULT NULL,
  `user_id` int DEFAULT NULL,
  PRIMARY KEY (`quiz_tale_list_id`),
  KEY `FK2kayujlsv54nnag915ucrojr1` (`quiz_tale_id`),
  KEY `FKk72h9genggkp5p8q19e8aurha` (`user_id`),
  CONSTRAINT `FK2kayujlsv54nnag915ucrojr1` FOREIGN KEY (`quiz_tale_id`) REFERENCES `quiz_tale` (`quiz_tale_id`),
  CONSTRAINT `FKk72h9genggkp5p8q19e8aurha` FOREIGN KEY (`user_id`) REFERENCES `user` (`user_id`) ON DELETE CASCADE
) ENGINE=InnoDB AUTO_INCREMENT=25 DEFAULT CHARSET=utf8mb4 COLLATE=utf8mb4_0900_ai_ci;
/*!40101 SET character_set_client = @saved_cs_client */;

--
-- Dumping data for table `quiz_tale_list`
--

LOCK TABLES `quiz_tale_list` WRITE;
/*!40000 ALTER TABLE `quiz_tale_list` DISABLE KEYS */;
INSERT INTO `quiz_tale_list` VALUES (1,'2023-03-17 17:28:39.061987','2023-03-17 17:28:39.061987',3,4),(2,'2023-03-17 17:35:10.889624','2023-03-17 17:35:10.889624',4,4),(3,'2023-03-17 17:50:43.316420','2023-03-17 17:50:43.316420',2,4),(4,'2023-03-17 18:04:49.419475','2023-03-17 18:04:49.419475',1,4),(5,'2023-03-17 18:07:12.630367','2023-03-17 18:07:12.630367',5,4),(6,'2023-03-22 13:13:03.335241','2023-03-22 13:13:03.335241',1,12),(7,'2023-03-22 13:15:34.121745','2023-03-22 13:15:34.121745',3,12),(10,'2023-03-22 16:49:17.624264','2023-03-22 16:49:17.624264',1,11),(11,'2023-03-23 10:01:58.411149','2023-03-23 10:01:58.411149',2,11),(16,'2023-03-23 17:34:50.782936','2023-03-23 17:34:50.782936',1,5),(17,'2023-03-23 20:39:29.049403','2023-03-23 20:39:29.049403',3,11),(18,'2023-03-24 16:32:25.570211','2023-03-24 16:32:25.570211',4,5),(19,'2023-04-03 15:25:10.688162','2023-04-03 15:25:10.688162',3,5),(20,'2023-04-03 16:09:32.455190','2023-04-03 16:09:32.455190',5,5),(21,'2023-04-03 20:46:59.764014','2023-04-03 20:46:59.764014',2,5),(22,'2023-04-04 14:45:43.668570','2023-04-04 14:45:43.668570',2,15),(23,'2023-04-05 12:47:22.932500','2023-04-05 12:47:22.932500',1,16),(24,'2023-04-05 12:58:52.539083','2023-04-05 12:58:52.539083',2,17);
/*!40000 ALTER TABLE `quiz_tale_list` ENABLE KEYS */;
UNLOCK TABLES;

--
-- Table structure for table `user`
--

DROP TABLE IF EXISTS `user`;
/*!40101 SET @saved_cs_client     = @@character_set_client */;
/*!50503 SET character_set_client = utf8mb4 */;
CREATE TABLE `user` (
  `user_id` int NOT NULL AUTO_INCREMENT,
  `create_time` datetime(6) DEFAULT NULL,
  `update_time` datetime(6) DEFAULT NULL,
  `email` varchar(255) NOT NULL,
  `name` varchar(255) NOT NULL,
  `uid` varchar(255) NOT NULL,
  PRIMARY KEY (`user_id`)
) ENGINE=InnoDB AUTO_INCREMENT=18 DEFAULT CHARSET=utf8mb4 COLLATE=utf8mb4_0900_ai_ci;
/*!40101 SET character_set_client = @saved_cs_client */;

--
-- Dumping data for table `user`
--

LOCK TABLES `user` WRITE;
/*!40000 ALTER TABLE `user` DISABLE KEYS */;
INSERT INTO `user` VALUES (1,'2023-03-14 05:46:49.691710','2023-03-14 05:46:49.691710','user1@email.com','user1','8AoUcErBMBWqKEGKw9QccA2ewLx1'),(2,'2023-03-14 05:47:30.951445','2023-03-14 05:47:30.951445','user2@email.com','user2','5GhsW9qSBGUI8o5igJFd6kkHHjF3'),(3,'2023-03-14 05:48:23.589604','2023-03-14 05:48:23.589604','user3@email.com','user3','HGqp00nkl1Tlx05s7fb1smMJwXJ2'),(4,'2023-03-17 17:28:16.591546','2023-03-17 17:28:16.591546','ykm9397@gmail.com','ㅈㅇ','xCHPZzGEHKUi6UusLxflGim9pcE2'),(5,'2023-03-17 17:31:01.889725','2023-03-17 17:31:01.889725','silverain_9@naver.com','123','L3FQhavVBdbRqTwlxjVhf5bfOUq1'),(11,'2023-03-20 16:18:03.893086','2023-03-20 16:18:03.893086','myungho96@naver.com','김명호','sMHTPG8NL4cLzpId90VvwjlbKBr1'),(12,'2023-03-20 16:32:17.666475','2023-03-20 16:32:17.666475','yena040@naver.com','냐냐','yIznXNUwbwVYxdDT6WQrJVMoPk62'),(15,'2023-04-04 09:23:06.099791','2023-04-04 09:23:06.099791','thomazkwon@gmail.com','teq','Bu10Qg2ADTeMaKFGGvKeFGEvPyv1'),(16,'2023-04-04 16:15:08.323834','2023-04-04 16:15:08.323834','facade4567@gmail.com','김싸피','kAg0eUu1vIR7Q4h0XhfiLj5Qp7z1'),(17,'2023-04-04 16:21:46.109500','2023-04-04 16:21:46.109500','facade7890@gmail.com','박싸피','YAemWL0mHQV1DHpzHanM7WI3fiu2');
/*!40000 ALTER TABLE `user` ENABLE KEYS */;
UNLOCK TABLES;

--
-- Table structure for table `word`
--

DROP TABLE IF EXISTS `word`;
/*!40101 SET @saved_cs_client     = @@character_set_client */;
/*!50503 SET character_set_client = utf8mb4 */;
CREATE TABLE `word` (
  `word_id` int NOT NULL AUTO_INCREMENT,
  `image` varchar(255) NOT NULL,
  `word_eng` varchar(255) NOT NULL,
  `word_explanation_eng` varchar(255) NOT NULL,
  `word_explanation_kor` varchar(255) NOT NULL,
  `word_kor` varchar(255) NOT NULL,
  PRIMARY KEY (`word_id`)
) ENGINE=InnoDB AUTO_INCREMENT=46 DEFAULT CHARSET=utf8mb4 COLLATE=utf8mb4_0900_ai_ci;
/*!40101 SET character_set_client = @saved_cs_client */;

--
-- Dumping data for table `word`
--

LOCK TABLES `word` WRITE;
/*!40000 ALTER TABLE `word` DISABLE KEYS */;
INSERT INTO `word` VALUES (1,'assets/words/airplane.png','airplane','a powered flying vehicle with fixed wings and a weight greater than that of the air it displaces','날개가 고정된 동력을 이용하여 공중에서 비행하는 탈것으로, 주로 대기 중의 공기보다 무거운 무게를 가지고 있음','비행기'),(2,'assets/words/apple.png','apple','a round fruit with red, yellow, or green skin and firm white flesh','껍질이 빨강, 노랑, 초록이고 과육이 단단하고 하얀 둥근 과일','사과'),(3,'assets/words/ball.png','ball','a usually round object that is used in a game or sport or as a toy','게임, 스포츠 또는 장난감으로 사용되는 보통 둥근 물체','공'),(4,'assets/words/banana.png','banana','a long curved fruit with a thick peel that is yellow when it is ripe','익으면 노란색인 두꺼운 껍질을 가진 길고 구부러진 과일','바나나'),(5,'assets/words/bicycle.png','bicycle','a 2-wheeled vehicle that a person rides by pushing on foot pedals','사람이 페달을 밟아 타는 이륜차','자전거'),(6,'assets/words/book.png','book','a written or printed work consisting of pages glued or sewn together along one side and bound in covers','한 쪽면을 딱딱하게 깔아 붙이거나 꿰매어 만든 페이지들로 이루어진 쓰거나 인쇄된 작품이며, 표지로 묶여 있음','책'),(7,'assets/words/broccoli.png','broccoli','a cabbage of a variety that bears heads of green or purplish flower buds that are eaten as a vegetable','초록색 또는 자주색 꽃봉오리를 열매로 가지고, 채소로서 섭취되는 종류의 양배추','브로콜리'),(8,'assets/words/burger.png','burger','a flat round cake of minced beef that is fried or grilled and typically served in a bread roll','다진 소고기로 만든 평평하고 둥근 케이크로, 튀겨서 또는 그릴에 구워서 일반적으로 빵에 싸 먹는 음식','버거'),(9,'assets/words/bus.png','bus','a large vehicle that is used for carrying passengers especially along a particular route at particular times','특히 특정 시간에 특정 경로를 따라 승객을 운반하는 데 사용되는 대형 차량','버스'),(10,'assets/words/cake.png','cake','a sweet baked food made from a mixture of flour, sugar, and other ingredients (such as eggs and butter)','밀가루, 설탕 및 다른 재료(예: 계란과 버터)의 혼합물로 만든 달콤한 구운 음식','케이크'),(11,'assets/words/candy.png','candy','a sweet food made with sugar or chocolate','설탕이나 초콜릿으로 만든 달콤한 음식','사탕'),(12,'assets/words/cap.png','cap','a small, soft hat that often has a hard curved part (called a visor) that extends out over your eyes','눈 위로 뻗은 딱딱한 곡선 부분(바이저라고 함)이 종종 있는 작고 부드러운 모자','모자'),(13,'assets/words/cat.png','cat','a small carnivorous mammal with soft fur, a short snout, and retractable claws','부드러운 모피와 짧은 주둥이, 숨길 수 있는 발톱을 가진 작은 육식 동물','고양이'),(14,'assets/words/chair.png','chair','a seat for one person that has a back and usually four legs','등이 있고 보통 네 개의 다리가 있는 한 사람을 위한 좌석','의자'),(15,'assets/words/chopsticks.png','chopsticks','a pair of small sticks used as eating utensils, especially by the Chinese, Japanese and Korean.','특히 중국인, 일본인, 한국인들이 먹는 도구로 사용하는 한 쌍의 작은 막대기.','젓가락'),(16,'assets/words/cookie.png','cookie','a sweet baked food that is usually small, flat, and round and is made from flour and sugar','밀가루와 설탕으로 만들어진 보통 작고 평평하며 둥글고 달콤한 구운 음식','쿠키'),(17,'assets/words/crayon.png','crayon','a stick of colored wax that is used for drawing','그림을 그릴 때 사용하는 색 왁스 막대기','색연필'),(18,'assets/words/cup.png','cup','a small round container that often has a handle and that is used for drinking liquids','종종 손잡이가 있고 액체를 마시는 데 사용되는 작고 둥근 용기','컵'),(19,'assets/words/dinosaur.png','dinosaur','ne of many reptiles that lived on Earth millions of years ago','수백만년전에 지구에 살았던 많은 파충류들 중 하나','공룡'),(20,'assets/words/dog.png','dog','a domesticated carnivorous mammal that typically has a long snout, an acute sense of smell, nonretractable claws, and a barking, howling, or whining voice','일반적으로 긴 주둥이, 예민한 후각, 숨길 수 없는 발톱, 짖거나 울거나 울음소리를 내는 길들여진 육식 동물','강아지'),(21,'assets/words/duck.png','duck','any one of many different kinds of birds that swim and have a flat beak, a short neck, a heavy body, short legs, and webbed feet','평평한 부리, 짧은 목, 무거운 몸, 짧은 다리, 물갈퀴가 달린 발을 가진 많은 다른 종류의 새들 중 하나','오리'),(22,'assets/words/eraser.png','eraser','a small piece of rubber or other material that is used to erase something you have written or drawn','쓰거나 그린 것을 지우는 데 사용되는 작은 고무 조각 또는 다른 재료','지우개'),(23,'assets/words/firetruck.png','firetruck','a vehicle equipped for firefighting, typically including a large tank for water and hoses for spraying it','일반적으로 대형 물탱크와 분무용 호스를 갖춘 소방활동에 사용되는 차량','소방차'),(24,'assets/words/flower.png','flower','the part of a plant that produces seeds, usually made up of colorful petals','보통 알록달록한 꽃잎으로 이루어진 씨앗을 생산하는 식물의 부분','꽃'),(25,'assets/words/fork.png','fork','a small tool with two or more pointed parts used for picking up and eating food','음식을 집어서 먹는 데 사용되는 두 개 이상의 뾰족한 부분이 있는 작은 도구','포크'),(26,'assets/words/glasses.png','glasses','a pair of lenses set in a frame resting on the nose and ears, used to correct or assist defective eyesight.','결함이 있는 시력을 교정하거나 보조하는 데 사용되는 코와 귀에 있는 프레임에 설치된 한 쌍의 렌즈.','안경'),(27,'assets/words/grape.png','grape','green, dark red, or purplish-black berry that is used to make wine or is eaten as a fruit','포도주를 만드는 데 사용되거나 과일로 먹는 녹색, 짙은 빨강 또는 자줏빛 검은 베리','포도'),(28,'assets/words/icecream.png','icecream','a frozen sweet food made from milk and cream and typically flavored with fruit or other ingredients','우유와 크림에서 만들어진 얼음으로 된 달콤한 음식으로 일반적으로 과일이나 다른 재료로 향을 냄','아이스크림'),(29,'assets/words/milk.png','milk','the milk of cows, used as food by humans','소의 젖으로, 인간이 음식으로 사용','우유'),(30,'assets/words/orange.png','orange','a large round juicy citrus fruit with a tough bright reddish-yellow rind','담홍색이 도는 껍질을 가진 크고 둥글고 즙이 많은 과일로 시트러스류','오렌지'),(31,'assets/words/pencil.png','pencil','a thin rod of graphite, colored wax, or similar material, used for writing or drawing','글씨를 쓰거나 그림을 그리기 위해 사용되는, 그래핏, 유색 왁스 또는 유사한 물질의 얇은 막대','연필'),(32,'assets/words/penguin.png','penguin','a flightless seabird of the southern hemisphere, having webbed feet and wings modified as flippers','지느러미로 변형된 날개와 발가락 사이에 막이 있는 남쪽 반구의 비행할 수 없는 바닷새','펭귄'),(33,'assets/words/piano.png','piano','a large keyboard musical instrument with a wooden case enclosing a soundboard and metal strings, which are struck by hammers when the keys are depressed','건반을 누르면 망치가 금속 줄에 치는 소리를 내며, 나무로 된 케이스에 소리판을 감싸고 있는 대형의 키보드 악기','피아노'),(34,'assets/words/pizza.png','pizza','a dish of Italian origin consisting of a flat, round base of dough baked with a topping of tomatoes and cheese, typically with added meat, fish, or vegetables','이탈리아 원산지의 요리로, 평평하고 둥근 반죽의 바닥에 토마토와 치즈로 만든 토핑이 올라가며 종종 고기, 생선 또는 야채가 추가된','피자'),(35,'assets/words/policecar.png','policecar','a vehicle used by the police for transporting officers, carrying equipment, and pursuing criminals','경찰이 장비를 운반하거나 범인을 추격하기 위해 사용하는 차량','경찰차'),(36,'assets/words/scissors.png','scissors','a tool with two sharp blades that are used to cut things like paper, hair, or fabric','종이, 머리카락, 천 등을 자르는 데 사용되는 두 개의 날로 이루어진 날카로운 도구','가위'),(37,'assets/words/socks.png','socks','pieces of clothing that people wear on their feet, which keep peoples\' feet warm and cozy','사람들이 발에 신는 옷으로, 발을 따뜻하고 아늑하게 해주는 것','양말'),(38,'assets/words/spoon.png','spoon','a tool people use to eat or stir things, which has a small bowl at one end and a handle on the other','먹거나 젓는 데 사용하는 도구로, 한쪽 끝에 작은 그릇이 있고 다른 한쪽 끝에는 손잡이가 달려있는 것','숟가락'),(39,'assets/words/strawberry.png','strawberry','a sweet and juicy fruit that is usually red and has little seeds on the outside','보통 빨간색이며 바깥쪽에 작은 씨앗이 있는 달콤하고 즙이 많은 과일','딸기'),(40,'assets/words/table.png','table','a piece of furniture with a flat top and usually four legs, where people can eat, draw or do work','평평한 윗면과 대개 네 개의 다리가 있는 가구로, 식사를 하거나 그림을 그리거나 일을 할 수 있는 것','책상'),(41,'assets/words/tiger.png','tiger','a big, striped cat with sharp teeth and claws that lives in the forest','크고 줄무늬가 있으며 날카로운 이빨과 발톱을 가지고 숲에서 사는 고양잇과 동물','호랑이'),(42,'assets/words/toothbrush.png','toothbrush','a tool with bristles that you use to clean peoples\' teeth','사람이 이를 닦는 데 사용하는 솔이 달린 도구','칫솔'),(43,'assets/words/tree.png','tree','a big plant with a trunk and branches that grows outside and can have leaves or fruit','줄기와 가지가 있는 큰 식물로, 실외에서 자라며 나뭇잎이나 과일이 달리기도 하는 것','나무'),(44,'assets/words/television.png','television','a machine that shows moving pictures and sound, like a movie, and people usually watch at home','영화처럼 움직이는 그림과 소리를 보여주는 기계로, 사람들이 대부분 집에서 시청하는 것','티비'),(45,'assets/words/window.png','window','a hole in the wall that lets in light and air and usually contains a sheet of glass','빛과 공기가 들어오게 해주는 벽의 구멍으로, 일반적으로 유리 판으로 만들어진 것','창문');
/*!40000 ALTER TABLE `word` ENABLE KEYS */;
UNLOCK TABLES;

--
-- Table structure for table `word_list`
--

DROP TABLE IF EXISTS `word_list`;
/*!40101 SET @saved_cs_client     = @@character_set_client */;
/*!50503 SET character_set_client = utf8mb4 */;
CREATE TABLE `word_list` (
  `word_list_id` int NOT NULL AUTO_INCREMENT,
  `create_time` datetime(6) DEFAULT NULL,
  `update_time` datetime(6) DEFAULT NULL,
  `word_example_eng` varchar(255) NOT NULL,
  `word_example_kor` varchar(255) NOT NULL,
  `user_id` int DEFAULT NULL,
  `word_id` int DEFAULT NULL,
  PRIMARY KEY (`word_list_id`),
  KEY `FKri9evjwmax08o8k3wx4f0mls6` (`user_id`),
  KEY `FKd03j8tdpk5ri0jn56lbkk3ayh` (`word_id`),
  CONSTRAINT `FKd03j8tdpk5ri0jn56lbkk3ayh` FOREIGN KEY (`word_id`) REFERENCES `word` (`word_id`),
  CONSTRAINT `FKri9evjwmax08o8k3wx4f0mls6` FOREIGN KEY (`user_id`) REFERENCES `user` (`user_id`) ON DELETE CASCADE
) ENGINE=InnoDB AUTO_INCREMENT=123 DEFAULT CHARSET=utf8mb4 COLLATE=utf8mb4_0900_ai_ci;
/*!40101 SET character_set_client = @saved_cs_client */;

--
-- Dumping data for table `word_list`
--

LOCK TABLES `word_list` WRITE;
/*!40000 ALTER TABLE `word_list` DISABLE KEYS */;
INSERT INTO `word_list` VALUES (5,'2023-03-21 16:49:30.134499','2023-03-21 16:49:30.134499','Dogs are loyal companions.','개는 충성스러운 동반자입니다.',5,20),(14,'2023-03-22 14:19:54.512610','2023-03-22 14:19:54.512610','Cap is a type of headwear. ','모자는 머리 장식품의 종류입니다.',5,12),(30,'2023-03-23 16:32:15.416260','2023-03-23 16:32:15.416260','A ball is round. ','공은 둥글다.',5,3),(32,'2023-03-24 10:30:56.896274','2023-03-24 10:30:56.896274','Tigers are majestic creatures. ','호랑이는 위대한 동물입니다.',5,41),(33,'2023-03-24 10:42:47.476035','2023-03-24 10:42:47.476035','A chair is a piece of furniture. ','의자는 가구의 일종입니다.',4,14),(37,'2023-03-24 13:17:09.638872','2023-03-24 13:17:09.638872','Pizza is a delicious treat. ','피자는 맛있는 즐거움입니다.',5,34),(38,'2023-03-24 13:38:08.301717','2023-03-24 13:38:08.301717','Burgers are a delicious meal. ','버거는 맛있는 식사입니다.',5,8),(39,'2023-03-24 13:59:00.551132','2023-03-24 13:59:00.551132','Ducks are aquatic birds. ','오리는 수면 새입니다.',5,21),(40,'2023-03-24 14:18:21.339449','2023-03-24 14:18:21.339449','Scissors are used for cutting. ','가위는 자르기 위해 사용됩니다.',5,36),(41,'2023-03-24 14:20:52.040912','2023-03-24 14:20:52.040912','Socks keep your feet warm. ','양말은 당신의 발을 따뜻하게 유지합니다.',5,37),(42,'2023-03-24 14:24:31.392228','2023-03-24 14:24:31.392228','A pencil is a writing tool. ','연필은 쓰기 도구입니다.',5,31),(44,'2023-03-24 14:35:22.884111','2023-03-24 14:35:22.884111','Penguins are flightless birds. ','펭귄은 비행 불능한 새입니다.',5,32),(47,'2023-03-24 15:16:02.436040','2023-03-24 15:16:02.436040','Cookies are a delicious treat. ','쿠키는 맛있는 간식입니다.',5,16),(48,'2023-03-24 15:18:58.451572','2023-03-24 15:18:58.451572','Trees provide us with oxygen. ','나무는 우리에게 산소를 제공합니다.',5,43),(51,'2023-03-24 15:48:13.436102','2023-03-24 15:48:13.436102','Grapes are a delicious fruit. ','귤은 맛있는 과일입니다.',5,27),(58,'2023-03-27 11:00:47.842885','2023-03-27 11:00:47.842885','apple is good','사과는 좋아',4,2),(59,'2023-03-27 13:11:03.043070','2023-03-27 13:11:03.043070','Orange is a vibrant color. ','주황색은 활기찬 색상입니다.',5,30),(64,'2023-03-27 16:21:18.911793','2023-03-27 16:21:18.911793','Dinosaurs are extinct. ','공룡은 멸종되었습니다.',5,19),(69,'2023-03-28 15:20:13.883858','2023-03-28 15:20:13.883858','A cup is a vessel for holding liquids. ','컵은 액체를 담기 위한 그릇입니다.',5,18),(71,'2023-03-28 15:44:59.095499','2023-03-28 15:44:59.095499','Bananas are a delicious and nutritious fruit. ','바나나는 맛있고 영양 가득한 과일입니다.',12,4),(75,'2023-03-29 10:53:50.554047','2023-03-29 10:53:50.554047','Glasses help us to see better. ','안경은 우리가 더 잘 볼 수 있도록 도와줍니다.',12,26),(76,'2023-03-29 11:03:01.328831','2023-03-29 11:03:01.328831','A pencil is a writing tool. ','연필은 쓰기 도구입니다.',12,31),(77,'2023-03-29 11:23:08.807901','2023-03-29 11:23:08.807901','Dinosaurs are extinct. ','공룡은 멸종되었습니다.',4,19),(78,'2023-03-29 11:36:03.570268','2023-03-29 11:36:03.570268','Penguins are flightless birds. ','펭귄은 비행 불능한 새입니다.',4,32),(82,'2023-03-29 14:43:10.645628','2023-03-29 14:43:10.645628','A cup is a vessel for holding liquids. ','컵은 액체를 담기 위한 그릇입니다.',12,18),(85,'2023-03-29 16:06:39.873194','2023-03-29 16:06:39.873194','Glasses help us to see better. ','안경은 우리가 더 잘 볼 수 있도록 도와줍니다.',5,26),(86,'2023-03-29 16:08:03.701630','2023-03-29 16:08:03.701630','Apples are a popular fruit. ','사과는 인기 있는 과일입니다.',5,2),(89,'2023-03-30 12:44:48.899074','2023-03-30 12:44:48.899074','Cap is a type of headwear. ','모자는 머리 장식품의 종류입니다.',12,12),(90,'2023-03-30 12:57:54.273302','2023-03-30 12:57:54.273302','A table is a piece of furniture. ','책상은 가구의 한 종류입니다.',12,40),(91,'2023-03-30 13:09:39.694089','2023-03-30 13:09:39.694089','Orange is a vibrant color. ','주황색은 활기찬 색상입니다.',12,30),(92,'2023-03-30 13:19:13.550255','2023-03-30 13:19:13.550255','Scissors are used for cutting. ','가위는 자르기 위해 사용됩니다.',12,36),(93,'2023-03-30 13:20:57.736723','2023-03-30 13:20:57.736723','Milk is a nutritious beverage. ','우유는 영양 가득한 음료입니다.',4,29),(94,'2023-03-30 13:21:35.698631','2023-03-30 13:21:35.698631','Crayons are a fun way to express creativity. ','크레용은 표현 창의력의 재미있는 방법입니다.',4,17),(95,'2023-03-30 13:22:10.140421','2023-03-30 13:22:10.140421','Cap is a type of headwear. ','모자는 머리 장식품의 종류입니다.',4,12),(97,'2023-03-30 15:56:45.672908','2023-03-30 15:56:45.672908','Bananas are a delicious and nutritious fruit. ','바나나는 맛있고 영양 가득한 과일입니다.',5,4),(99,'2023-03-30 17:35:55.135170','2023-03-30 17:35:55.135170','Cats are cute. ','고양이는 귀여워요.',5,13),(101,'2023-03-31 12:55:19.586074','2023-03-31 12:55:19.586074','A table is a piece of furniture. ','책상은 가구의 한 종류입니다.',5,40),(102,'2023-03-31 16:11:20.507147','2023-03-31 16:11:20.507147','trawberries are sweet! ','딸기는 달아요!',5,39),(103,'2023-04-03 10:15:03.868497','2023-04-03 10:15:03.868497','Cup is for drinking. ','컵은 마실 때 쓰는 것입니다.',11,18),(104,'2023-04-03 17:28:13.915557','2023-04-03 17:28:13.915557','Candy is sweet!','사탕은 달아요!',5,11),(105,'2023-04-03 19:28:44.062366','2023-04-03 19:28:44.062366','Sit on the chair! ','의자에 앉아라!',12,14),(106,'2023-04-03 19:57:49.253274','2023-04-03 19:57:49.253274','Pizza is yummy! ','피자 맛있어요!',12,34),(107,'2023-04-03 20:57:19.720099','2023-04-03 20:57:19.720099','Dogs are fun! ','개는 재미있어요!',11,20),(108,'2023-04-03 23:11:53.777093','2023-04-03 23:11:53.777093','Bananas are yummy!','바나나는 맛있어요!',11,4),(109,'2023-04-04 10:04:19.765186','2023-04-04 10:04:19.765186','Pizza is yummy!','피자는 맛있어요!',11,34),(110,'2023-04-04 10:07:00.902565','2023-04-04 10:07:00.902565','Windowsletlightin!','창문에는빛이들어온다!',11,45),(111,'2023-04-04 10:10:24.813392','2023-04-04 10:10:24.813392','Trees are amazing!','나무는 놀라운걸!',11,43),(112,'2023-04-04 10:52:45.593997','2023-04-04 10:52:45.593997','Spoons help us eat.','숟가락이 우리를 먹는데 도움이 됩니다.',5,38),(113,'2023-04-04 14:33:47.712866','2023-04-04 14:33:47.712866','Books are fun!','책은 재미있어요!',11,6),(114,'2023-04-04 14:36:02.764012','2023-04-04 14:36:02.764012','Books are fun!','책은 재미있어요!',15,6),(115,'2023-04-05 12:40:52.172560','2023-04-05 12:40:52.172560','Dinosaurs lived long ago.','공룡은 오래전에 살았어요.',16,19),(116,'2023-04-05 12:43:23.545401','2023-04-05 12:43:23.545401','Orange is a yummy fruit!','오렌지는 맛있는 과일이에요!',16,30),(117,'2023-04-05 12:48:15.578829','2023-04-05 12:48:15.578829','Bounce the ball!','공을 튕겨보세요!',16,3),(118,'2023-04-05 12:49:02.630635','2023-04-05 12:49:02.630635','Cup is for drinking.','컵은 마실때 쓰는거야.',16,18),(119,'2023-04-05 12:52:18.630808','2023-04-05 12:52:18.630808','Cup is for drinking.','컵은 마실때 쓰는거야.',17,18),(120,'2023-04-05 12:52:50.678245','2023-04-05 12:52:50.678245','Bounce the ball!','공을 튕겨보세요!',17,3),(121,'2023-04-05 12:53:19.154227','2023-04-05 12:53:19.154227','Orange is a yummy fruit!','오렌지는 맛있는 과일이에요!',17,30),(122,'2023-04-05 12:56:04.771484','2023-04-05 12:56:04.771484','Dinosaurs lived long ago.','공룡은 오래전에 살았어요.',17,19);
/*!40000 ALTER TABLE `word_list` ENABLE KEYS */;
UNLOCK TABLES;
/*!40103 SET TIME_ZONE=@OLD_TIME_ZONE */;

/*!40101 SET SQL_MODE=@OLD_SQL_MODE */;
/*!40014 SET FOREIGN_KEY_CHECKS=@OLD_FOREIGN_KEY_CHECKS */;
/*!40014 SET UNIQUE_CHECKS=@OLD_UNIQUE_CHECKS */;
/*!40101 SET CHARACTER_SET_CLIENT=@OLD_CHARACTER_SET_CLIENT */;
/*!40101 SET CHARACTER_SET_RESULTS=@OLD_CHARACTER_SET_RESULTS */;
/*!40101 SET COLLATION_CONNECTION=@OLD_COLLATION_CONNECTION */;
/*!40111 SET SQL_NOTES=@OLD_SQL_NOTES */;

-- Dump completed on 2023-04-05 13:23:33
